{
	"../assets/sounds/attention.wav":"Attention Required",
	"../assets/sounds/back_in_range.wav":"Back In Range",
	"../assets/sounds/connected.wav":"Connected",
	"../assets/sounds/disclaimer.wav":"Disclaimer",
	"../assets/sounds/falling_fast.wav":"Falling Fast",
	"../assets/sounds/rising_fast.wav":"Rising Fast",
	"../assets/sounds/generic.wav":"Generic Notification",
	"../assets/sounds/high_glucose.wav":"High Glucose",
	"../assets/sounds/low_glucose.wav":"Low Glucose",
	"../assets/sounds/urgent_low_soon.wav":"Urgent Low Soon",
	"../assets/sounds/urgent_low.wav":"Urgent Low",
	"../assets/sounds/G7 Urgent Low Soon Soft.wav":"G7 Urgent Low Soon Soft",
	"../assets/sounds/G7 Urgent Low Soon Medium.wav":"G7 Urgent Low Soon Medium",
	"../assets/sounds/G7 Urgent Low Soon Intense.wav":"G7 Urgent Low Soon Intense",
	"../assets/sounds/G7 Urgent Low Soft.wav":"G7 Urgent Low Soft",
	"../assets/sounds/G7 Urgent Low Medium.wav":"G7 Urgent Low Medium",
	"../assets/sounds/G7 Urgent Low Intense.wav":"G7 Urgent Low Intense",
	"../assets/sounds/G7 Low Soft.wav":"G7 Low Soft",
	"../assets/sounds/G7 Low Medium.wav":"G7 Low Medium",
	"../assets/sounds/G7 Low Intense.wav":"G7 Low Intense",
	"../assets/sounds/G7 High Soft.wav":"G7 High Soft",
	"../assets/sounds/G7 High Medium.wav":"G7 High Medium",
	"../assets/sounds/G7 High Intense.wav":"G7 High Intense",
	"../assets/sounds/G7 Falling Fast Soft.wav":"G7 Falling Fast Soft",
	"../assets/sounds/G7 Falling Fast Medium.wav":"G7 Falling Fast Medium",
	"../assets/sounds/G7 Falling Fast Intense.wav":"G7 Falling Fast Intense",
	"../assets/sounds/G7 Rising Fast Soft.wav":"G7 Rising Fast Soft",
	"../assets/sounds/G7 Rising Fast Medium.wav":"G7 Rising Fast Medium",
	"../assets/sounds/G7 Rising Fast Intense.wav":"G7 Rising Fast Intense"
}